Date,File to download
2023-07-28,coffee_cert_stock_20230728.xls
2023-07-31,coffee_cert_stock_20230731.xls
2023-08-01,coffee_cert_stock_20230801.xls
2023-08-02,coffee_cert_stock_20230802.xls
2023-08-03,coffee_cert_stock_20230803.xls
2023-08-04,coffee_cert_stock_20230804.xls
2023-08-07,coffee_cert_stock_20230807.xls
2023-08-11,coffee_cert_stock_20230811.xls
2023-08-16,coffee_cert_stock_20230816.xls
2023-08-17,coffee_cert_stock_20230817.xls
2023-08-18,coffee_cert_stock_20230818.xls
2023-08-21,coffee_cert_stock_20230821.xls
2023-08-22,coffee_cert_stock_20230822.xls
2023-08-23,coffee_cert_stock_20230823.xls
2023-08-24,coffee_cert_stock_20230824.xls
2023-08-25,coffee_cert_stock_20230825.xls
2023-08-28,coffee_cert_stock_20230828.xls
2023-08-29,coffee_cert_stock_20230829.xls
2023-08-30,coffee_cert_stock_20230830.xls
2023-08-31,coffee_cert_stock_20230831.xls
2023-09-01,coffee_cert_stock_20230901.xls
2023-09-05,coffee_cert_stock_20230905.xls
2023-09-06,coffee_cert_stock_20230906.xls
2023-09-12,coffee_cert_stock_20230912.xls
2023-09-13,coffee_cert_stock_20230913.xls
2023-09-14,coffee_cert_stock_20230914.xls
2023-09-19,coffee_cert_stock_20230919.xls
2023-09-21,coffee_cert_stock_20230921.xls
2023-09-22,coffee_cert_stock_20230922.xls
2023-09-26,coffee_cert_stock_20230926.xls
2023-09-27,coffee_cert_stock_20230927.xls
2023-10-02,coffee_cert_stock_20231002.xls
2023-10-09,coffee_cert_stock_20231009.xls
2023-10-20,coffee_cert_stock_20231020.xls
2023-10-23,coffee_cert_stock_20231023.xls
2023-10-24,coffee_cert_stock_20231024.xls
2023-10-25,coffee_cert_stock_20231025.xls
2023-10-26,coffee_cert_stock_20231026.xls
2023-10-27,coffee_cert_stock_20231027.xls
2023-10-30,coffee_cert_stock_20231030.xls
2023-10-31,coffee_cert_stock_20231031.xls
2023-11-01,coffee_cert_stock_20231101.xls
2023-11-02,coffee_cert_stock_20231102.xls
2023-11-03,coffee_cert_stock_20231103.xls
2023-11-06,coffee_cert_stock_20231106.xls
2023-11-07,coffee_cert_stock_20231107.xls
2023-11-08,coffee_cert_stock_20231108.xls
2023-11-09,coffee_cert_stock_20231109.xls
2023-11-10,coffee_cert_stock_20231110.xls
2023-11-16,coffee_cert_stock_20231116.xls
2023-12-11,coffee_cert_stock_20231211.xls
2024-02-07,coffee_cert_stock_20240207.xls
2024-02-29,coffee_cert_stock_20240229.xls
2024-03-20,coffee_cert_stock_20240320.xls
2024-03-28,coffee_cert_stock_20240328.xls
2024-04-03,coffee_cert_stock_20240403.xls
2024-04-22,coffee_cert_stock_20240422.xls
2024-04-26,coffee_cert_stock_20240426.xls
2024-05-01,coffee_cert_stock_20240501.xls
2024-05-15,coffee_cert_stock_20240515.xls
2024-05-24,coffee_cert_stock_20240524.xls
2024-06-24,coffee_cert_stock_20240624.xls
2024-06-28,coffee_cert_stock_20240628.xls
2024-07-02,coffee_cert_stock_20240702.xls
2024-07-03,coffee_cert_stock_20240703.xls
2024-07-08,coffee_cert_stock_20240708.xls
2024-07-12,coffee_cert_stock_20240712.xls
2024-08-08,coffee_cert_stock_20240808.xls
2024-08-09,coffee_cert_stock_20240809.xls
2024-08-12,coffee_cert_stock_20240812.xls
2024-08-15,coffee_cert_stock_20240815.xls
2024-08-16,coffee_cert_stock_20240816.xls
2024-08-20,coffee_cert_stock_20240820.xls
2024-08-21,coffee_cert_stock_20240821.xls
2024-08-23,coffee_cert_stock_20240823.xls
2024-08-27,coffee_cert_stock_20240827.xls
2024-09-03,coffee_cert_stock_20240903.xls
2024-09-16,coffee_cert_stock_20240916.xls
2024-09-18,coffee_cert_stock_20240918.xls
2024-09-23,coffee_cert_stock_20240923.xls
2024-09-24,coffee_cert_stock_20240924.xls
2024-09-25,coffee_cert_stock_20240925.xls
2024-09-26,coffee_cert_stock_20240926.xls
2024-09-27,coffee_cert_stock_20240927.xls
2024-10-02,coffee_cert_stock_20241002.xls
2024-10-23,coffee_cert_stock_20241023.xls
2024-11-06,coffee_cert_stock_20241106.xls
2024-11-22,coffee_cert_stock_20241122.xls
2024-11-29,coffee_cert_stock_20241129.xls
2024-12-02,coffee_cert_stock_20241202.xls
2024-12-05,coffee_cert_stock_20241205.xls
2024-12-24,coffee_cert_stock_20241224.xls
2024-12-26,coffee_cert_stock_20241226.xls
2024-12-30,coffee_cert_stock_20241230.xls
2025-01-09,coffee_cert_stock_20250109.xls
2025-01-14,coffee_cert_stock_20250114.xls
2025-01-15,coffee_cert_stock_20250115.xls
2025-01-21,coffee_cert_stock_20250121.xls
2025-01-23,coffee_cert_stock_20250123.xls
2025-01-24,coffee_cert_stock_20250124.xls
2025-01-27,coffee_cert_stock_20250127.xls
2025-01-29,coffee_cert_stock_20250129.xls
2025-01-30,coffee_cert_stock_20250130.xls
2025-01-31,coffee_cert_stock_20250131.xls
2025-02-12,coffee_cert_stock_20250212.xls
2025-03-12,coffee_cert_stock_20250312.xls
2025-03-14,coffee_cert_stock_20250314.xls
2025-03-17,coffee_cert_stock_20250317.xls
2025-03-21,coffee_cert_stock_20250321.xls
2025-03-27,coffee_cert_stock_20250327.xls
2025-03-28,coffee_cert_stock_20250328.xls
2025-04-11,coffee_cert_stock_20250411.xls
2025-06-09,coffee_cert_stock_20250609.xls
2025-10-07,coffee_cert_stock_20251007.xls
2025-10-08,coffee_cert_stock_20251008.xls
2025-10-10,coffee_cert_stock_20251010.xls
2025-10-13,coffee_cert_stock_20251013.xls
2025-10-14,coffee_cert_stock_20251014.xls
2025-10-15,coffee_cert_stock_20251015.xls
2025-10-16,coffee_cert_stock_20251016.xls
2025-10-17,coffee_cert_stock_20251017.xls
2025-10-21,coffee_cert_stock_20251021.xls
2025-10-22,coffee_cert_stock_20251022.xls
2025-10-23,coffee_cert_stock_20251023.xls
2025-10-24,coffee_cert_stock_20251024.xls
2025-10-28,coffee_cert_stock_20251028.xls
2025-10-29,coffee_cert_stock_20251029.xls
2025-10-30,coffee_cert_stock_20251030.xls
2025-10-31,coffee_cert_stock_20251031.xls
2025-11-03,coffee_cert_stock_20251103.xls
2025-11-04,coffee_cert_stock_20251104.xls
